palabra,frecuencia
espiritu,278
mas,239
vida,234
hombre,162
brahman,158
alma,124
dios,119
asi,112
alla,109
verdad,108
luz,103
cuerpo,100
si,99
mente,95
entonces,94
fuego,85
mundo,83
ve,75
conoce,74
todas,70
puede,70
dijo,69
mismo,68
atman,65
ser,63
tierra,62
dicha,59
muerte,58
consciencia,56
solo,53
universo,52
sol,52
pues,52
aquel,52
corazon,52
creacion,51
supremo,48
poder,47
dioses,47
amor,47
poderes,45
cielo,45
cosas,45
paz,44
halla,44
tres,43
ahi,43
toda,43
sabiduria,42
señor,42
seres,41
mundos,40
oh,39
gloria,39
deseo,37
habita,36
deseos,35
prajapati,35
eterno,35
dos,34
encuentra,34
alcanza,33
tambien,32
dice,32
grande,32
inmortal,31
maestro,31
agua,31
om,30
rey,30
palabras,30
naturaleza,30
sueños,30
padre,29
mediante,29
propia,29
igual,29
final,28
camino,28
conocer,28
espacio,28
libre,28
vision,27
regiones,27
sabios,27
tras,26
gracia,26
sabio,26
tiempo,26
hijo,25
indra,25
sagrado,25
ven,25
formas,25
vuelve,25
forma,25
hace,25
puro,25
creador,24
acciones,24
suprema,24
inmortalidad,24
bien,24
ofrenda,24
luna,24
mal,23
ojo,23
hacia,23
encima,23
siempre,23
dentro,23
oscuridad,23
nachiketas,23
gobierna,22
brilla,22
existe,22
pura,22
gran,22
eterna,22
habla,22
aqui,21
oido,21
aliento,21
aire,21
estan,21
silencio,20
sonidos,20
piensa,20
pensamiento,20
alimento,20
fe,20
infinito,20
elementos,20
cinco,20
sabe,20
misterio,20
conocimiento,20
ver,19
alcanzan,19
respondio,19
eternidad,19
nuevo,19
yajñavalkya,19
años,19
sacrificio,19
pregunto,19
meditacion,19
podria,19
aun,18
gargya,18
visto,18
cuanto,18
nombre,18
vez,18
obras,18
ajatasatru,18
nunca,18
interior,17
mueve,17
palabra,17
oye,16
viento,16
posee,16
gente,16
sonido,16
alli,16
mio,16
vedas,15
bajo,15
ojos,15
liberacion,15
hombres,15
razon,15
traves,15
encontrar,15
humana,15
decir,15
oculto,15
conduce,15
fin,15
cuya,14
hecha,14
pensamientos,14
upanishad,14
fuente,14
principio,14
propio,14
pesar,13
enseñanza,13
muere,13
provienen,13
retorna,13
entero,13
van,13
libertad,13
sino,13
contemplacion,13
da,13
conocen,13
alcanzado,13
tal,13
temor,13
accion,13
veda,13
sagrada,13
grandeza,13
voz,13
morada,13
va,13
ataduras,12
realidad,12
dicen,12
alto,12
carro,12
nacido,12
invisible,12
lugar,12
aquello,12
misma,12
semilla,12
obra,12
adoracion,12
sagrados,12
ignorancia,12
adoro,12
puedo,12
vive,12
retornan,12
pais,12
mora,12
considero,12
miedo,11
superior,11
despues,11
mortal,11
encontrado,11
sueño,11
cien,11
cielos,11
encuentran,11
dualidad,11
vino,11
materia,11
caballos,11
hablo,11
placeres,11
dia,11
deberiamos,11
escucha,11
union,11
tornan,11
modo,11
replico,11
viven,10
infinidad,10
puente,10
familia,10
aguas,10
pureza,10
origen,10
deja,10
podemos,10
dolor,10
aquellos,10
llena,10
pregunta,10
centro,10
profundo,10
veces,10
libera,10
doctrina,10
partes,10
pequeño,10
sur,10
resplandor,10
conozco,10
verso,9
sabete,9
vio,9
sutil,9
ciego,9
norte,9
pueden,9
rayos,9
svetaketu,9
cuyo,9
luego,9
sempiterno,9
senda,9
arbol,9
medio,9
nadie,9
antaño,9
parte,9
penso,9
esencia,9
contempla,9
penas,9
debajo,9
mujer,9
pensar,9
satyakama,9
madre,9
yoga,9
existen,9
hizo,9
sagradas,8
hallan,8
vela,8
placer,8
ahora,8
hecho,8
elevado,8
atras,8
aprendizaje,8
ayuda,8
oceano,8
aunque,8
mano,8
castillo,8
saber,8
convierte,8
voy,8
celestiales,8
tapas,8
asombro,8
proviene,8
perfumes,8
inmensidad,8
puedes,8
caen,8
ofrendas,8
llega,8
oro,8
adora,8
profunda,8
recompensa,8
descansa,8
causa,8
practica,7
rueda,7
cualquier,7
mata,7
vivir,7
riquezas,7
esplendor,7
gozo,7
fuerza,7
eleva,7
pasado,7
corazones,7
mientras,7
alcanzar,7
volvio,7
parece,7
lisiado,7
despertar,7
creo,7
viene,7
brahmin,7
sombra,7
rig,7
noche,7
rios,7
primero,7
espacios,7
cada,7
lejos,7
busca,7
oracion,7
vejez,7
sera,7
muestra,7
unidad,7
viaje,7
silenciosa,7
exterior,7
llama,7
belleza,7
espiritual,7
oeste,7
orilla,6
fuerzas,6
saborea,6
ciento,6
humano,6
desaparece,6
encamina,6
firmeza,6
surgen,6
acerca,6
canales,6
manos,6
controla,6
lleva,6
querer,6
dijeron,6
prana,6
alegria,6
vayu,6
llaman,6
trabajo,6
omnipresente,6
santo,6
toca,6
piense,6
embargo,6
infinita,6
acuerdo,6
soma,6
objetos,6
maghavan,6
deambula,6
observa,6
religion,6
perfume,6
obtiene,6
procede,6
sido,6
ninguna,6
sostiene,6
maitreyi,6
añadio,6
videntes,6
dieciseis,6
sal,6
austeridad,6
almas,6
region,6
descansan,6
desaparecen,6
flecha,6
manera,6
primeros,6
rudra,6
quema,6
adopta,6
upanishads,6
siete,6
vista,6
contesto,6
dormido,6
caminos,6
ilusion,6
pecados,6
cabeza,6
elevada,6
ley,6
dejando,6
riqueza,6
posesiones,6
recuerda,6
venir,6
fulgor,6
ocho,6
atada,6
fuentes,5
armonia,5
bhrigu,5
trajes,5
primera,5
quietud,5
dorada,5
disfruta,5
hogar,5
ritual,5
altar,5
loto,5
espejo,5
meta,5
hijos,5
come,5
nueva,5
conocido,5
conociendo,5
criaturas,5
savitri,5
organo,5
regresa,5
progreso,5
duda,5
prosigue,5
treinta,5
sutiles,5
resultado,5
escoge,5
puesto,5
armonias,5
videha,5
percibe,5
errante,5
llegar,5
plegarias,5
futuro,5
hacer,5
segundo,5
dado,5
versos,5
frutos,5
presentes,5
agni,5
alegrias,5
presenta,5
yace,5
arde,5
ciegos,5
mil,5
viviente,5
maya,5
atadura,5
conducen,5
u,5
nuevas,5
goza,5
reside,5
cisne,5
efimero,5
montañas,5
condicion,5
crea,5
despierto,5
ancestros,5
refugio,5
adoran,5
plantas,5
respiracion,5
grano,5
tercer,5
margen,5
cierta,5
vienen,5
estrellas,5
ilumina,5
lluvia,5
dirige,5
menor,5
pequeños,5
pies,5
oir,5
pratardana,5
siguen,5
hablar,5
mañana,5
infinitas,5
unico,5
acierta,4
conozca,4
conoces,4
discipulo,4
duerme,4
mismos,4
cuarenta,4
definitiva,4
pena,4
reposo,4
lado,4
persona,4
descansar,4
pone,4
mediodia,4
cambio,4
vias,4
conductor,4
estable,4
denomina,4
purusha,4
oculta,4
juicio,4
descanso,4
sirvientes,4
contemplar,4
chico,4
vemos,4
comienzo,4
cae,4
leche,4
ello,4
terrenal,4
variedad,4
cuan,4
tamaño,4
pulgar,4
reconoce,4
muchas,4
transforma,4
cuatro,4
ocurre,4
casa,4
doquiera,4
puertas,4
enfermedad,4
habra,4
llamado,4
prodigio,4
inspiracion,4
anteriores,4
dar,4
trueno,4
sed,4
hallado,4
vespertina,4
antigua,4
puras,4
pasados,4
devocion,4
vivio,4
hambre,4
conocedor,4
consciente,4
jabala,4
hallarse,4
tampoco,4
entra,4
bueno,4
amantes,4
verdaderamente,4
conscientes,4
principe,4
confusion,4
siguiente,4
perezca,4
cuyos,4
velo,4
conducido,4
enseñare,4
tercera,4
constituyentes,4
sufre,4
nombres,4
persiguen,4
dificil,4
llevan,4
inmanente,4
liberame,4
pide,4
samana,4
habia,4
tiempos,4
sopla,4
oimos,4
combustible,4
transmigracion,4
virochana,4
respira,4
demonios,4
divina,4
toma,4
cuenco,4
innumerables,4
tomar,4
veis,4
discipulos,4
canto,4
mortales,4
siquiera,4
leccion,4
gobernante,4
incorporeo,4
ama,4
propios,4
señal,4
leña,4
año,4
pierde,4
pasa,4
debemos,4
demas,4
proteccion,4
inferiores,4
deambular,4
dio,4
prueba,4
ocasion,4
estudio,4
regalos,4
sacrificios,4
cuantos,4
llamas,4
revela,4
cuyas,4
hablan,4
menos,4
rayo,4
deberia,4
ambos,4
cuerpos,4
condiciones,4
envuelve,4
alrededor,4
udana,4
janaka,4
victoria,4
radios,4
seis,4
retornado,4
ambas,4
buenas,4
pesares,4
malas,4
nuevos,3
nace,3
llegada,3
cubierto,3
esclavitud,3
incluso,3
cuales,3
vientos,3
estaciones,3
brahma,3
quintuple,3
nubes,3
peligro,3
hoy,3
mentes,3
fundamento,3
vestido,3
brazos,3
engaño,3
permaneciendo,3
dorado,3
vagando,3
fluyen,3
santas,3
atan,3
conocerle,3
supremos,3
sendas,3
claro,3
oraciones,3
querida,3
piensan,3
tener,3
marchaste,3
quincena,3
luminosa,3
red,3
inefable,3
conceda,3
torna,3
haber,3
unen,3
dan,3
cerca,3
alcanzarlo,3
viviendo,3
vuelo,3
dejado,3
atado,3
inmortales,3
admiracion,3
averigua,3
radiante,3
dejan,3
acerco,3
ciudad,3
pajaros,3
corriendo,3
apana,3
amado,3
ancianos,3
vivientes,3
nacida,3
retira,3
verme,3
pecado,3
circulo,3
divinidad,3
ir,3
tan,3
duermen,3
vyana,3
permanece,3
comenzo,3
rostro,3
trascendencia,3
pueda,3
inmanencia,3
dador,3
pajaro,3
oficiales,3
finito,3
valakhilyas,3
afectado,3
puros,3
ansia,3
campo,3
carros,3
lleno,3
etereos,3
cabo,3
amigos,3
gandharas,3
pobre,3
verse,3
materiales,3
kausalya,3
salada,3
obtener,3
relampago,3
otorga,3
cabezas,3
sama,3
conduceme,3
percibido,3
allega,3
abandonar,3
abandona,3
yajur,3
trascendente,3
real,3
grandes,3
adonde,3
amante,3
proyecta,3
higuera,3
descansando,3
fruta,3
vasus,3
larga,3
siendo,3
estrecho,3
dure,3
rezar,3
enferma,3
gobiernan,3
cincuenta,3
niños,3
matutina,3
inicio,3
dicho,3
guiado,3
liberan,3
veinticuatro,3
triste,3
vasta,3
habitan,3
ademas,3
rudras,3
pasajeras,3
verdadero,3
nata,3
externos,3
surgieron,3
miro,3
semillas,3
malo,3
libres,3
alumno,3
contemplado,3
disfrutado,3
concedes,3
adityas,3
vieron,3
ves,3
buen,3
imperecedero,3
surge,3
yacia,3
diez,3
concentracion,3
nido,3
morir,3
gayatri,3
vastos,3
entrega,3
realiza,3
congregan,3
hacen,3
tipos,3
debilidad,3
dale,3
carreta,3
contiene,3
asesino,3
ganado,3
rio,3
salvajes,3
enseñanzas,3
correcto,3
glorifican,3
desciende,3
alta,3
pensando,3
vueltas,3
dices,3
surgio,3
diana,3
poseen,3
contemplando,3
mantienen,3
arco,3
razonamiento,3
vaga,3
evolucion,3
contienen,3
hoja,3
llegado,3
despierta,3
nacio,3
barro,3
existir,3
abandonara,3
orgulloso,3
sujetar,3
color,3
diferentes,3
araña,3
corta,3
humo,3
marcho,3
inferior,3
asidos,3
escuchar,3
necios,3
diferencias,3
primer,3
rumbo,3
saborear,3
durmiente,3
cosa,3
oidos,3
multiples,3
estudiante,3
guiados,3
peregrino,3
unica,3
caer,3
sigue,3
ira,3
hierro,3
falta,3
resultan,3
cuarto,3
completo,3
respirar,2
estudiantes,2
m,2
reemprendio,2
yacen,2
religiosos,2
vidente,2
respondieron,2
ornamentos,2
hallaba,2
ciertamente,2
punta,2
gozando,2
interiores,2
moviendose,2
sankhya,2
gira,2
vamos,2
conocele,2
unicidad,2
amoroso,2
inconsciencia,2
punto,2
partir,2
alumnos,2
ata,2
vedanta,2
significa,2
oler,2
presente,2
kaushitaki,2
ido,2
lengua,2
hebras,2
señores,2
humanidad,2
adoraciones,2
ocurrio,2
oscuro,2
reposan,2
acudo,2
alza,2
dañes,2
nariz,2
dulces,2
volver,2
demonio,2
mira,2
division,2
abismo,2
mantiene,2
lamparas,2
niega,2
hallamos,2
svetasvatara,2
obedecen,2
deben,2
venimos,2
castidad,2
falsedad,2
verdadera,2
raiz,2
varuni,2
visionarios,2
medida,2
mirar,2
soga,2
mejor,2
finos,2
dudas,2
grupos,2
veinte,2
alcancemos,2
poesia,2
extiende,2
exito,2
explicame,2
asientan,2
renacer,2
capas,2
recondita,2
indivisible,2
compuesta,2
intima,2
luces,2
distancia,2
protector,2
humanos,2
brillan,2
asiento,2
soledad,2
medias,2
abandonado,2
peregrinar,2
tela,2
vivo,2
edad,2
impulso,2
contrapuestas,2
deshechos,2
alguno,2
diciendo,2
disolucion,2
proceden,2
halle,2
modos,2
saben,2
ascienden,2
disuelto,2
encaminan,2
gautama,2
atencion,2
esconde,2
shiva,2
escondidas,2
amos,2
autosacrificio,2
piel,2
sirvienta,2
precisa,2
alcanzara,2
serpiente,2
revelado,2
recoge,2
renacida,2
direccion,2
partida,2
primogenito,2
traeme,2
alcanzada,2
angira,2
pequeñas,2
maestros,2
angiras,2
transita,2
segunda,2
obrar,2
falsas,2
eter,2
aprendido,2
momento,2
clases,2
expliqueme,2
bocas,2
compuesto,2
cantar,2
definicion,2
opinion,2
alas,2
veo,2
guarda,2
control,2
altas,2
brille,2
estancia,2
virtud,2
salida,2
trabaje,2
doquier,2
secreto,2
dando,2
parecen,2
dormir,2
sandilya,2
pias,2
cuarta,2
ultimo,2
significado,2
cruzado,2
deseadas,2
verde,2
atharvan,2
olas,2
sensaciones,2
alpiste,2
alcanzaria,2
azul,2
impura,2
alcance,2
renunciacion,2
anhelo,2
sabores,2
chispas,2
refulge,2
enorme,2
hierbas,2
cantos,2
ofrece,2
oceanos,2
distribuye,2
nueve,2
canciones,2
tesoro,2
juventud,2
interna,2
preguntando,2
disfrutar,2
quiero,2
rojo,2
sabia,2
hacerlo,2
kratu,2
bienvenido,2
sustenta,2
jagati,2
luminoso,2
preguntaron,2
actua,2
trishtubh,2
olfato,2
palpa,2
libros,2
atomos,2
blanco,2
ignorantes,2
maitri,2
nacimiento,2
siguientes,2
fruto,2
alguien,2
destruccion,2
comunion,2
encendido,2
llegamos,2
pasion,2
trozo,2
todopoderoso,2
maneras,2
buscan,2
sabor,2
manifiesta,2
aprender,2
enseñar,2
difuntos,2
prepara,2
vasto,2
abrazo,2
laud,2
pos,2
traspasa,2
concha,2
abeja,2
aparecio,2
penetrado,2
diosa,2
friccion,2
recibe,2
tacto,2
consumido,2
vagar,2
juiciosos,2
intelecto,2
escogidos,2
majestad,2
sacerdotes,2
guerreros,2
secreta,2
estanques,2
fuegos,2
encienden,2
lagos,2
cruzar,2
delicias,2
riendas,2
tiros,2
frontera,2
moradas,2
clara,2
tambor,2
naciente,2
abandonaran,2
amada,2
raices,2
adentran,2
caminar,2
creaciones,2
seria,2
pertenecen,2
via,2
verlo,2
revelacion,2
aprisionan,2
tallo,2
profundamente,2
aprendio,2
enseñada,2
alcanzo,2
volviendose,2
pronunciar,2
relucen,2
terrenales,2
ningun,2
impurezas,2
cesar,2
cesa,2
derrama,2
rocas,2
direcciones,2
amados,2
gobernando,2
sacerdote,2
esposa,2
espiracion,2
queda,2
fluye,2
fluir,2
esposo,2
utero,2
arboles,2
queridas,2
permanente,2
ora,2
doce,2
debiles,2
tantos,2
tarea,2
internan,2
maiz,2
noches,2
despertado,2
yama,2
necio,2
hospitalidad,2
recuerde,2
dulce,2
hermosa,2
infinitos,2
sacrificial,2
traslada,2
conceder,2
lleve,2
entregar,2
demasiado,2
villa,2
vacas,2
serena,2
realizadas,2
supera,2
convertido,2
veedor,2
distinto,2
explicaron,2
vence,2
descendencia,2
progenie,2
dispersa,2
reino,2
recondito,2
vaya,2
entrego,2
vistas,2
agranda,2
enciende,2
representantes,2
matar,2
creyendose,2
admirable,2
instruido,2
elevados,2
largo,2
firme,2
pasan,2
dispuesto,2
hablame,2
fortaleza,2
comprendido,2
encontrando,2
abierta,2
dire,2
santa,2
anhelos,2
salvacion,2
asesinado,2
descuidados,2
carece,2
comprender,2
ladron,2
explicarlo,2
carreteros,2
elefantes,2
nobles,2
hazte,2
creas,2
penosamente,2
avanza,2
instrumentos,2
pasajeros,2
divinos,2
nacieron,2
percibir,2
pedir,2
humilde,2
clase,2
marginado,2
verbo,2
voluntad,2
tadvanam,2
i,2
sauryayani,2
busqueda,2
dare,2
gobierno,2
total,2
oyendo,2
objeto,2
bharadvaja,2
llora,2
omnisciente,2
ensoñaciones,2
saibya,2
kabandhi,2
vaidarbhi,2
hablando,2
bhargava,2
levanta,2
resplandece,2
sale,2
obtenemos,2
blancura,2
fulgurante,2
asvalayana,2
vuelto,2
preguntadme,2
conmigo,2
solida,2
incapaz,2
volviose,2
sabemos,2
podido,2
consiste,2
pasos,2
envoltura,2
sukesa,2
parecer,2
limitaciones,2
desconocido,2
presento,2
empeño,2
paja,2
coloco,2
quedo,2
katyayana,2
averiguar,2
vuelven,2
hablaron,2
intencion,2
sola,2
adquirido,1
cesan,1
decae,1
tomando,1
gozoso,1
arder,1
hierba,1
orfebre,1
vishnu,1
intenta,1
oruga,1
cabida,1
esferas,1
inmovil,1
estira,1
pieza,1
convierten,1
descansen,1
refiere,1
llegando,1
despiertan,1
concepcion,1
inaprensible,1
inmensurable,1
embebido,1
lavados,1
austera,1
truenos,1
puerta,1
trampa,1
veamos,1
orgullo,1
turbada,1
realizado,1
sumida,1
determinacion,1
brillo,1
diga,1
malvado,1
modela,1
eternamente,1
turya,1
convirtiendolo,1
perecera,1
abandonese,1
llevadas,1
movimientos,1
vicio,1
descanse,1
placidamente,1
distante,1
retirado,1
karmade,1
anda,1
tendencias,1
penetrar,1
samsara,1
cortado,1
porcion,1
hicieron,1
concedas,1
pido,1
lucha,1
afronto,1
devadasa,1
volvieron,1
apaga,1
replicaron,1
hare,1
plenamente,1
plena,1
pronuncio,1
puesta,1
elevame,1
inteligente,1
impone,1
tocarahi,1
tocar,1
conoceme,1
reir,1
ermitaño,1
serlo,1
acampado,1
viendo,1
hablamos,1
adorame,1
abandono,1
tocando,1
pedire,1
llegandose,1
gana,1
percibiendolos,1
venga,1
pupilo,1
saboreando,1
altura,1
media,1
mantengase,1
posibilidad,1
bebida,1
experimentan,1
alojamiento,1
aguardan,1
limpiadas,1
describirse,1
entorno,1
mantenerse,1
siga,1
inestable,1
sume,1
noconcentracion,1
aparente,1
vital,1
penetra,1
pensaran,1
creencia,1
comida,1
disponen,1
aditya,1
vestidos,1
retirada,1
adornados,1
peso,1
conquista,1
carga,1
entregando,1
debilita,1
mango,1
quienquiera,1
imperecederas,1
desprenden,1
eternas,1
desprendedel,1
marcharon,1
salio,1
sualma,1
vacilante,1
brutos,1
fangosas,1
llevados,1
preteritos,1
purificacion,1
escogieron,1
proximos,1
vanidad,1
eremitas,1
poner,1
carpa,1
plegar,1
algun,1
inferiorsi,1
escoria,1
incomprensible,1
perfeccion,1
apego,1
anhelando,1
sufrimiento,1
elevandose,1
poseemos,1
extractos,1
muertos,1
originales,1
textos,1
incluyan,1
mascaro,1
sabedores,1
visten,1
buscaron,1
juan,1
conforman,1
habriamos,1
elaborada,1
decian,1
refundicion,1
adornos,1
producto,1
edicion,1
rector,1
jubilo,1
funcion,1
terminada,1
aparta,1
amanel,1
elimina,1
reconditos,1
obstante,1
iniciarse,1
videhaepilogo,1
sitio,1
conquistaran,1
cualidades,1
atadas,1
primeras,1
vinculo,1
viejo,1
acabo,1
brihad,1
seanos,1
reyes,1
apena,1
alcanzaran,1
reza,1
creado,1
constituye,1
superar,1
disminuye,1
cadenas,1
encuentre,1
conduzca,1
queria,1
tejido,1
capullo,1
seda,1
gusano,1
resistencia,1
existio,1
compararse,1
sanscritodel,1
diabolica,1
abandonan,1
gloriosos,1
ornado,1
amarillo,1
quees,1
hablado,1
podra,1
drama,1
internos,1
impartio,1
carentes,1
gobernado,1
incontaminable,1
brahmacharya,1
cambia,1
podrian,1
llevarle,1
incognoscible,1
egoismo,1
elevan,1
refieren,1
hormiguero,1
rodean,1
torrente,1
agitado,1
zambullida,1
autocomplacencia,1
disiparse,1
caiga,1
sometida,1
mudada,1
tipo,1
gota,1
mahabhutas,1
miraros,1
tanmatras,1
explicacion,1
bhutatman,1
muerta,1
lamentarse,1
poetas,1
febrilmente,1
separa,1
gobernandolo,1
decrece,1
dichoso,1
inconsciente,1
soberano,1
muerto,1
vacio,1
caigan,1
hallara,1
caridad,1
penitencia,1
abstinencia,1
muni,1
peregrinos,1
buenos,1
emprenden,1
mensajero,1
prosiguio,1
universal,1
discriminacion,1
visva,1
pertenece,1
viveconmigo,1
concepciones,1
felices,1
temoraquel,1
transcurren,1
finita,1
feliz,1
dias,1
reconozco,1
sabiendo,1
persiga,1
pierda,1
acarrean,1
cansancio,1
mujeres,1
previos,1
volved,1
dirigir,1
sabido,1
conocian,1
marido,1
reflejo,1
honorables,1
hermoso,1
queridos,1
pedazo,1
deseado,1
poderoso,1
amasijo,1
invencible,1
ellosno,1
heridas,1
preguntado,1
herido,1
sanan,1
habrian,1
querido,1
contado,1
sientate,1
dame,1
exclamo,1
permiteme,1
repuso,1
inquirio,1
cruzan,1
pronuncias,1
unas,1
explicamelo,1
abrela,1
gigante,1
honda,1
atravesar,1
sorprendio,1
brillante,1
porello,1
sientes,1
crees,1
disipado,1
observando,1
vertido,1
apartado,1
habiendose,1
pregunte,1
consagrarme,1
asir,1
haridrumata,1
limites,1
llamarte,1
lejana,1
oyeron,1
surgiendo,1
asombra,1
respondiole,1
mias,1
digo,1
basta,1
acogere,1
tañido,1
soplada,1
cruza,1
oida,1
ejercito,1
evoluciona,1
etereo,1
refulgente,1
enfermo,1
percutido,1
envuelta,1
llamaba,1
sempiterna,1
cortesia,1
estudiado,1
debe,1
colmado,1
aruneya,1
jugo,1
darme,1
tocan,1
creeme,1
obedece,1
eh,1
pronuncia,1
levantaba,1
sacudio,1
desperto,1
alturas,1
llegare,1
ire,1
distintos,1
vagare,1
acallados,1
dirigirle,1
kshatriya,1
infimas,1
enaldea,1
queun,1
aldea,1
tales,1
llamaron,1
recibir,1
tomo,1
universoyo,1
depende,1
levantandose,1
llamo,1
casas,1
tierras,1
esposas,1
caminando,1
quiza,1
juntos,1
llegaron,1
responderle,1
instruire,1
instruccion,1
posesion,1
dormia,1
dijeran,1
guardas,1
pasea,1
esperanza,1
ceda,1
katyayani,1
perteneciera,1
responder,1
ricos,1
envejece,1
sirven,1
verla,1
somete,1
pudo,1
anoche,1
pusiste,1
ordenado,1
contrario,1
pon,1
valen,1
vendados,1
retirarme,1
iria,1
setenta,1
dominios,1
albedrio,1
acuda,1
destapado,1
apropia,1
antojo,1
costumbre,1
circunferencia,1
hilos,1
rodea,1
completa,1
produce,1
paraje,1
tapados,1
vagaria,1
desierto,1
munificencia,1
consagrar,1
prologo,1
miraos,1
claramente,1
usa,1
siento,1
librey,1
pez,1
quien,1
uñas,1
orillas,1
atmanbrahman,1
desea,1
intimo,1
bestia,1
conciencia,1
naka,1
austero,1
soñar,1
halcon,1
llenara,1
cierto,1
interpone,1
querais,1
rie,1
detalle,1
gracias,1
losmundos,1
visiones,1
pienso,1
emprendio,1
tremendas,1
retornara,1
inspiran,1
varuna,1
afirmen,1
subitamente,1
sanar,1
temera,1
traera,1
taponitya,1
adornaos,1
aguila,1
perseguido,1
apresta,1
vestid,1
disfrutara,1
temores,1
comprende,1
oprimido,1
locos,1
elefante,1
gustos,1
cuerda,1
sordos,1
mudos,1
respiramos,1
pensamos,1
precipicio,1
falsa,1
volando,1
cansado,1
honesto,1
aires,1
satyavacas,1
surcar,1
rectitud,1
lave,1
permite,1
acercate,1
olvidara,1
acercarme,1
hermosos,1
dejame,1
pliega,1
ilumine,1
labios,1
estaran,1
pronunciare,1
taittiriya,1
cuento,1
recibio,1
presentose,1
bellezas,1
dijera,1
llevando,1
divisar,1
dichas,1
consigo,1
destruye,1
dude,1
presentara,1
traspase,1
millar,1
presentare,1
brahmanante,1
querian,1
propias,1
firmamento,1
germen,1
instruirte,1
sobrevenir,1
males,1
gozomas,1
aitareya,1
en,1
meditaciones,1
considerar,1
guardar,1
sufrir,1
decia,1
debatiendo,1
mahidasa,1
correra,1
prometio,1
escogio,1
dira,1
venid,1
preguntas,1
siguiendo,1
callado,1
mostaza,1
benares,1
formacion,1
regocijarse,1
bhur,1
fabrica,1
vivificante,1
brihadaranyaka,1
afirmas,1
semeja,1
obtienen,1
mirais,1
bhuvas,1
chandogya,1
encandilado,1
miramos,1
id,1
morara,1
llego,1
respuesta,1
habeis,1
svar,1
realizan,1
rindele,1
abandonando,1
cebada,1
arroz,1
portal,1
pronuncian,1
vivieron,1
obre,1
cuartos,1
trinidad,1
recobra,1
abajo,1
sacratisimo,1
cargo,1
muevese,1
tronco,1
hojas,1
cuida,1
respetuosamente,1
cosasel,1
pequeña,1
entender,1
alcanzamos,1
accede,1
emprender,1
empuja,1
divagar,1
kena,1
vaina,1
extrae,1
extraiga,1
muestre,1
diferenteshabitando,1
expresar,1
fines,1
cumbre,1
asciende,1
salen,1
liberar,1
apegan,1
patente,1
existencia,1
percibida,1
salvo,1
atento,1
aciertan,1
expresen,1
exclamaron,1
inadvertido,1
logrado,1
solos,1
orgullosos,1
obtuvo,1
cuentase,1
dejar,1
tinieblas,1
abre,1
extasis,1
sencillos,1
instruidos,1
imaginan,1
vea,1
imagino,1
persevera,1
alberga,1
apariencia,1
percibes,1
poca,1
piensas,1
inspire,1
inspirar,1
mundolo,1
oiga,1
calmada,1
comienza,1
aquietados,1
existieran,1
jarra,1
once,1
lloviendo,1
montaña,1
ladera,1
asimilar,1
muertehasta,1
tarde,1
matinal,1
matriz,1
yescas,1
flores,1
reconocen,1
mieles,1
penacuando,1
soñamos,1
velamos,1
percata,1
adquirimos,1
besos,1
colores,1
percibimos,1
redes,1
hallo,1
justicia,1
poderlos,1
vinculos,1
deshacen,1
inmortalidadsu,1
logra,1
definiciones,1
impregna,1
desarrolla,1
aflige,1
agitadas,1
reflejos,1
espiritus,1
recuerdo,1
sombras,1
esoel,1
ramas,1
relampagos,1
refleja,1
emite,1
interpretan,1
sufrimientos,1
penetre,1
fueraal,1
segun,1
introducirse,1
hablare,1
reconocieron,1
quemar,1
externo,1
pareja,1
levantarse,1
levanto,1
ofendio,1
creyeron,1
engañeis,1
mantenemos,1
encendidas,1
solsegunda,1
radiantes,1
mala,1
palidas,1
producen,1
abejas,1
creadores,1
nacen,1
rituales,1
oscura,1
lunar,1
amorosamente,1
desperdician,1
ruedas,1
mostrandose,1
apoyandose,1
envia,1
reina,1
alzan,1
quemarla,1
abundancia,1
habitar,1
difundirse,1
danos,1
concedenos,1
protegenos,1
apartes,1
propicio,1
muestrate,1
disfrutas,1
dadores,1
consumidor,1
regocijan,1
reposa,1
mana,1
celestial,1
profetas,1
portador,1
materno,1
mueves,1
muestran,1
asentada,1
dichosos,1
entonaron,1
comprendieron,1
familiar,1
desean,1
piadosas,1
nevadas,1
amaran,1
venerado,1
traduce,1
respecto,1
reconocio,1
aventajo,1
reconocerlo,1
acercarse,1
aventajaron,1
alcanzasteis,1
gozaos,1
hija,1
adorar,1
uma,1
hermosura,1
diviso,1
desaparecio,1
dirigio,1
terrenos,1
bienes,1
moverla,1
arrastrar,1
remolino,1
matarisvan,1
pediste,1
explicase,1
explicado,1
referido,1
morador,1
iluminados,1
baña,1
materiacuando,1
formaran,1
rayi,1
vinieron,1
permanecio,1
anhelaba,1
creados,1
reservas,1
deseeis,1
permaneced,1
respeto,1
llevandole,1
allegaron,1
explicar,1
pippalada,1
hallaban,1
instaladas,1
henchidos,1
prasna,1
concerniente,1
buscaba,1
dirigen,1
llevarlo,1
regrese,1
deseomuerte,1
revelamelo,1
alborozan,1
justos,1
moran,1
motivo,1
torne,1
fauces,1
verte,1
ame,1
concedido,1
acoja,1
cantidad,1
enojo,1
mitiguese,1
pedirme,1
ten,1
recibido,1
invitado,1
meritos,1
futuras,1
esperanzas,1
brinda,1
trae,1
cimiento,1
piedras,1
disfrutalo,1
aleja,1
expansiones,1
vastas,1
vivan,1
nietos,1
mayor,1
misteriosa,1
enseñame,1
llamaran,1
escoges,1
cieloeste,1
pasando,1
construye,1
habian,1
alcanzando,1
multiforme,1
collar,1
asimismo,1
aceptame,1
continuo,1
complacida,1
mostro,1
repitiendolas,1
memorizaba,1
colocar,1
probar,1
aguardar,1
nacernachiketas,1
corren,1
solitario,1
amo,1
descorre,1
explicaronaquel,1
transcendente,1
situo,1
pensador,1
intacto,1
invulnerable,1
turbacion,1
completocuando,1
quieto,1
madura,1
veloz,1
moverse,1
precipita,1
reniega,1
abisal,1
habitados,1
aspirar,1
obrando,1
ambiciones,1
faz,1
envuelto,1
cegador,1
albergas,1
cenizas,1
mia,1
habran,1
iran,1
acometer,1
encamino,1
enojado,1
vas,1
entregarse,1
decidio,1
reine,1
conducir,1
beber,1
pastar,1
viejas,1
llevaba,1
niño,1
tenia,1
vajasravasa,1
katha,1
dirigimos,1
libranos,1
divino,1
conducenos,1
afanes,1
desees,1
concedere,1
volcaran,1
atomo,1
triple,1
beben,1
atalaya,1
arrastrada,1
sosiego,1
maldad,1
abandonen,1
alcanzarse,1
escogen,1
visible,1
durmiendo,1
ninguno,1
auriga,1
mueresi,1
cumplen,1
estudios,1
expresa,1
cuentame,1
escuchado,1
invisiblemente,1
reposar,1
elloscuando,1
renunciado,1
ilimitados,1
encendamos,1
poseedora,1
conseguir,1
cuchilla,1
sradha,1
ceremonia,1
brahmines,1
reunion,1
recita,1
instruida,1
historia,1
juicioso,1
muerteel,1
garras,1
invariable,1
filo,1
entrenados,1
andar,1
aspirad,1
alzaos,1
despertad,1
renunciar,1
deberian,1
aguda,1
sujeta,1
cuidadoso,1
muertepero,1
descuidado,1
honor,1
dominio,1
cumplimiento,1
satisfacerse,1
desvela,1
concedeme,1
resuelve,1
engañosa,1
apetencia,1
desear,1
pedido,1
viviremos,1
teniendote,1
disfrutaremos,1
acaso,1
canticosel,1
desplegado,1
bailes,1
guardate,1
debilitan,1
secretos,1
preguntes,1
musicales,1
carretas,1
bellas,1
sirvientas,1
pondre,1
servicio,1
dadiva,1
atraen,1
abren,1
frente,1
quemando,1
tesoros,1
hallar,1
seame,1
proposito,1
transmitido,1
enseñado,1
instruye,1
disposicion,1
instruir,1
oyen,1
cegados,1
infantiles,1
evidente,1
eruditos,1
extremosresidiendo,1
separados,1
hunden,1
cadena,1
aceptado,1
rechazado,1
cavilado,1
cavilando,1
cuestiones,1
planteas,1
contestare,1
provenientes,1
soporte,1
ensalzado,1
incesante,1
peligrosos,1
cruces,1
sinuosas,1
estadios,1
violentas,1
remolinos,1
respiran,1
movidas,1
corrientes,1
impotencia,1
impetuosamente,1
precipitandose,1
dostambien,1
virtudes,1
sentimiento,1
contrarayos,1
logro,1
veintiocho,1
error,1
enseña,1
armazon,1
cadenasesta,1
prakriti,1
cuello,1
unifica,1
roca,1
convirtiendolas,1
busquemos,1
inspirados,1
cieloalli,1
oigan,1
sigan,1
entono,1
cantan,1
unificados,1
conservan,1
luchamos,1
mero,1
propago,1
buscar,1
mando,1
oleaginoso,1
aceite,1
girar,1
varilla,1
quemarse,1
alumbrar,1
aparece,1
acaece,1
segmentos,1
contraejes,1
ejes,1
sienten,1
bruto,1
mandukya,1
pierden,1
divinidades,1
origenes,1
quince,1
hora,1
ascetas,1
todoesos,1
llenos,1
pasiones,1
correcta,1
azar,1
perseveran,1
erronea,1
practican,1
elegidos,1
desvanecerse,1
vera,1
realizacion,1
anhela,1
divaga,1
traspasan,1
aspira,1
masa,1
todopoderosa,1
conocedora,1
regente,1
necesidad,1
vivimos,1
preguntan,1
nodualidad,1
ultimola,1
extremo,1
medira,1
apiti,1
terminar,1
miti,1
nacera,1
equilibrio,1
tradicion,1
ubhayatvam,1
elevacion,1
utkarsha,1
adimatvam,1
apti,1
comun,1
distincion,1
tocado,1
semiconsciencia,1
seresla,1
purificaremos,1
erguidos,1
vidas,1
mostrar,1
valientes,1
mates,1
temerosa,1
conocerse,1
comparar,1
intermedio,1
concebirlo,1
glorioso,1
escondido,1
muertecuando,1
custodia,1
perfecta,1
nacer,1
bendiciones,1
asombroso,1
pazpues,1
residen,1
sirve,1
activo,1
genetriz,1
hallaron,1
nube,1
baston,1
apoya,1
flor,1
despliegue,1
barca,1
concebirse,1
ligero,1
pesado,1
aereo,1
determina,1
calidad,1
renace,1
despliega,1
mor,1
dividiria,1
dividida,1
cabello,1
aguja,1
florezcan,1
concentrado,1
autoconsciencia,1
continua,1
ycon,1
egoista,1
trabaja,1
hacian,1
unian,1
fragancia,1
den,1
plenitud,1
anciano,1
doncella,1
purael,1
fealdad,1
salud,1
muertelos,1
adquiere,1
yogui,1
nitido,1
cristal,1
luciernagas,1
neblina,1
aparecen,1
imaginarias,1
ayuden,1
brasas,1
policromada,1
limpio,1
llano,1
protegido,1
tranquilo,1
retiro,1
domados,1
tirado,1
refluir,1
sosegado,1
ritmicamente,1
silencioso,1
pocos,1
complexion,1
ligereza,1
aroma,1
amplios,1
corre,1
dueño,1
gozar,1
percepcion,1
esla,1
innumeras,1
escondida,1
diminuto,1
rostros,1
creacionquienes,1
irradia,1
yergue,1
hiera,1
vigila,1
inmortalidadel,1
alabanza,1
lampara,1
limpia,1
polvo,1
codiciosos,1
ausencia,1
agradable,1
reverencie,1
albergue,1
cualesquiera,1
conociera,1
inclinandose,1
aflija,1
eje,1
poemas,1
salir,1
partio,1
subiendo,1
enmudecio,1
falte,1
sere,1
marchita,1
joven,1
mundaka,1
respondi,1
hiranyanabha,1
sexta,1
encontrara,1
perciben,1
intermedias,1
aquellas,1
tiembla,1
internas,1
externas,1
fusiona,1
salvado,1
guardian,1
puracualesquiera,1
planteo,1
primigenia,1
genera,1
expansion,1
vello,1
eternoel,1
signos,1
pronunciacion,1
gramatica,1
usar,1
ayudan,1
afirman,1
isa,1
otorgo,1
acercandose,1
hacienda,1
propietario,1
saunaka,1
revelo,1
satyavaha,1
transmitio,1
remoto,1
revelada,1
fuele,1
dada,1
desprende,1
instala,1
nuevomas,1
ultimos,1
alba,1
aunarse,1
poniente,1
hacerse,1
milagro,1
despiertos,1
permanecen,1
relacion,1
imaginacion,1
merecidas,1
acompañado,1
absorbidos,1
gozos,1
infierno,1
ascendiendo,1
millones,1
bifurcan,1
massetenta,1
dadora,1
boca,1
gobernar,1
ciudades,1
asigna,1
sobreviene,1
despliegan,1
aunan,1
huele,1
arden,1
lunares,1
meditando,1
rapidamente,1
iluminado,1
aum,1
cimienta,1
quinta,1
internado,1
eternooh,1
aromas,1
campos,1
diversos,1
invisibles,1
instalan,1
eclipsada,1
resulta,1
lejanas,1
lugares,1
todopoderosoy,1
dormida,1
ejecuta,1
equitativamente,1
hotri,1
primordial,1
devotas,1
escucharon,1
purificados,1
entretejen,1
haga,1
vigilante,1
concentrandote,1
tensa,1
afilada,1
coloca,1
perseguir,1
infimo,1
comprension,1
morando,1
iniciacion,1
reverencia,1
ritos,1
proporciona,1
provienede,1
crecen,1
cuantas,1
escabel,1
toman,1
millares,1
llameante,1
eternidadsegunda,1
acude,1
centra,1
lejania,1
karma,1
actuaren,1
entreteje,1
revelarlo,1
yacente,1
inconmensurable,1
transitan,1
esfuerzan,1
tratase,1
encomienda,1
labor,1
silente,1
supremaen,1
activa,1
yaciendo,1
amigas,1
aves,1
izquierda,1
derecha,1
detras,1
delante,1
diseminandose,1
terrestre,1
resplandeciente,1
camara,1
habiten,1
lleguese,1
narraron,1
negra,1
resplandecientes,1
solar,1
elevarlo,1
señales,1
cuenta,1
luminosas,1
omniforme,1
centelleante,1
oscurecida,1
rapida,1
tremenda,1
danzantes,1
envueltos,1
olvida,1
normas,1
huespedes,1
primavera,1
atiende,1
presta,1
agnihotra,1
fervor,1
colocad,1
mundocuando,1
realizadlas,1
melodiosas,1
barcas,1
remota,1
inseguras,1
atraviesan,1
anhelan,1
bosque,1
descendiendo,1
llegan,1
reciben,1
caritativos,1
religioso,1
rito,1
gozada,1
caida,1
ocultanles,1
desconocimiento,1
deambulantes,1
vagan,1
insensatos,1
letrados,1
muertehabitando,1
ancianidad,1
alaban,1
explican,1
dieciocho,1
inseguros,1
up,1
